"","Item01","Item02","Item03","Item04","Item05","Item06","Item07","Item08","Item09","Item10","Item11","Item12","Item13","Item14","Item15","Item16","Item17","Item18","Item19","Item20"
"Subject001",0,0,0,1,0,0,1,1,0,1,1,1,0,1,1,1,0,1,1,1
"Subject002",0,1,1,1,0,1,1,1,1,1,1,1,1,1,1,1,1,1,1,1
"Subject003",0,1,1,1,0,1,1,1,0,0,0,0,0,1,1,1,0,0,0,0
"Subject004",1,1,1,1,1,1,0,1,0,1,1,1,0,1,0,1,0,1,0,1
"Subject005",0,0,0,1,0,1,0,1,0,0,0,1,0,0,0,0,0,0,0,0
"Subject006",0,0,0,0,0,1,0,1,1,0,0,0,0,1,0,0,0,0,0,0
"Subject007",0,0,0,0,0,0,0,1,1,0,0,0,0,0,0,0,0,0,0,0
"Subject008",0,0,0,1,0,0,0,1,0,0,0,0,0,0,0,0,0,0,0,0
"Subject009",0,0,0,0,0,0,0,0,1,0,0,1,0,1,0,0,0,0,0,0
"Subject010",0,0,0,0,1,0,0,1,1,0,0,1,0,0,0,0,0,0,0,0
"Subject011",1,1,1,0,1,1,1,1,1,0,0,1,0,1,1,1,0,1,0,0
"Subject012",1,1,1,1,1,1,0,1,1,1,1,1,1,0,1,1,0,1,0,0
"Subject013",1,0,0,0,1,1,0,1,0,0,0,1,0,0,0,0,0,0,0,1
"Subject014",0,0,0,1,0,0,0,1,0,0,0,1,0,0,0,0,0,0,0,0
"Subject015",0,0,0,0,0,1,0,0,1,0,0,0,0,1,0,0,0,0,0,0
"Subject016",0,0,0,0,0,1,0,0,0,0,0,1,0,1,0,0,0,0,0,1
"Subject017",0,1,0,1,0,1,0,1,0,0,0,0,0,0,0,0,0,0,0,0
"Subject018",0,0,0,0,1,0,0,0,0,0,0,1,0,0,0,1,0,0,0,0
"Subject019",0,0,0,0,0,1,0,0,1,0,0,1,0,1,0,0,0,0,0,0
"Subject020",0,0,0,0,0,0,0,1,0,0,0,0,0,0,0,0,0,0,0,0
"Subject021",1,1,1,1,1,1,1,1,1,0,1,1,1,1,0,1,1,1,1,0
"Subject022",1,1,1,1,1,1,0,1,0,1,1,1,0,1,0,1,0,1,0,1
"Subject023",1,1,1,1,1,1,1,1,1,1,1,1,1,1,1,1,1,1,1,1
"Subject024",0,0,0,0,0,1,0,0,0,1,1,0,0,1,0,1,1,1,0,1
"Subject025",1,1,1,1,1,1,0,1,1,1,1,1,0,1,0,0,0,0,0,0
"Subject026",0,0,0,0,0,0,0,0,1,0,0,0,0,0,0,0,0,0,0,0
"Subject027",0,0,0,0,1,1,0,0,0,0,0,0,0,1,0,1,0,0,0,0
"Subject028",0,0,0,0,0,0,0,0,0,0,0,0,0,0,0,0,0,0,0,0
"Subject029",0,0,0,0,0,1,0,1,1,0,0,0,0,1,0,1,0,0,0,0
"Subject030",1,1,1,1,1,1,1,1,1,1,1,1,1,1,1,1,1,1,1,1
"Subject031",1,0,0,1,1,1,1,1,1,0,1,1,0,1,1,1,1,1,1,0
"Subject032",1,1,1,1,1,1,1,1,1,1,1,1,1,1,1,1,1,1,1,1
"Subject033",1,1,1,1,1,1,1,1,0,1,1,1,1,0,1,1,1,1,1,1
"Subject034",0,0,0,1,0,1,1,1,1,1,0,1,0,1,1,1,1,1,1,1
"Subject035",1,1,1,1,1,1,0,1,0,1,1,1,1,1,1,1,0,1,1,1
"Subject036",1,1,1,0,1,1,0,0,1,1,0,0,1,1,1,1,0,1,0,0
"Subject037",0,0,0,1,0,0,0,1,0,0,0,1,0,1,1,1,1,0,0,1
"Subject038",1,1,1,1,1,1,1,1,0,0,0,0,0,1,1,1,0,0,0,0
"Subject039",1,1,1,1,1,1,1,1,1,1,1,1,1,1,1,1,0,0,1,1
"Subject040",0,0,0,0,1,0,0,0,1,0,0,1,0,1,0,1,0,0,0,0
"Subject041",0,0,0,0,0,0,0,0,1,0,0,0,0,0,0,0,0,0,0,0
"Subject042",1,1,1,1,1,1,1,1,1,1,1,1,1,1,1,1,1,1,1,1
"Subject043",1,1,1,1,1,1,1,1,1,1,1,1,1,1,1,1,1,1,0,1
"Subject044",0,0,0,0,0,1,0,0,0,0,0,1,0,0,0,0,0,0,0,0
"Subject045",1,1,1,1,0,1,1,1,1,1,1,1,0,1,1,0,1,1,1,1
"Subject046",1,1,0,1,0,1,0,1,1,1,1,1,0,1,1,0,1,0,1,1
"Subject047",0,0,0,0,0,1,0,0,1,0,0,1,0,1,0,0,0,0,0,0
"Subject048",0,0,0,0,0,1,0,0,0,0,1,1,0,1,0,0,1,1,0,0
"Subject049",0,0,0,0,1,0,0,0,1,0,0,0,0,0,0,0,0,0,0,0
"Subject050",0,0,0,1,0,1,1,1,1,0,1,1,1,1,1,0,1,1,1,1
"Subject051",0,0,0,0,1,0,0,0,0,0,0,0,0,0,0,0,0,0,0,0
"Subject052",1,1,1,0,0,1,0,0,1,0,0,0,0,1,0,0,0,0,0,0
"Subject053",0,1,0,0,0,1,0,1,0,0,0,1,0,0,1,0,0,0,0,0
"Subject054",0,1,1,1,1,1,1,1,1,1,1,1,0,1,1,1,1,1,1,1
"Subject055",0,0,0,1,0,1,0,1,1,0,1,1,0,1,0,1,1,0,0,1
"Subject056",1,1,1,1,1,1,1,1,1,1,1,1,1,1,1,1,1,1,1,1
"Subject057",1,1,1,1,1,1,1,1,1,1,1,1,0,1,1,1,1,1,1,1
"Subject058",0,0,0,0,0,0,0,0,1,0,0,0,0,0,0,0,0,0,0,0
"Subject059",0,0,0,0,1,1,0,0,1,0,0,1,0,0,0,1,0,0,0,0
"Subject060",1,1,1,0,0,1,0,0,0,1,1,1,0,1,1,1,1,1,1,1
"Subject061",0,0,0,0,0,1,0,1,0,0,0,0,0,0,0,1,0,0,0,0
"Subject062",0,0,0,0,1,0,0,0,0,0,0,0,0,0,0,0,0,0,0,0
"Subject063",1,1,1,0,1,1,1,1,1,0,1,1,1,1,0,1,0,1,0,0
"Subject064",1,1,1,1,1,1,1,1,1,1,1,1,0,1,1,1,1,1,0,0
"Subject065",1,1,1,1,1,1,0,1,1,0,0,1,1,1,1,1,0,0,0,0
"Subject066",0,0,0,1,0,0,0,1,0,1,1,1,0,1,0,1,0,1,0,1
"Subject067",1,1,1,0,1,1,1,0,1,0,0,1,0,1,1,1,0,1,1,0
"Subject068",0,0,0,0,0,0,0,0,1,0,0,0,0,0,0,0,0,0,0,0
"Subject069",0,0,0,0,0,0,0,0,0,0,0,0,0,0,0,0,0,0,0,0
"Subject070",0,0,0,0,0,0,1,1,0,0,0,1,0,1,1,0,0,1,0,0
"Subject071",0,0,0,0,1,1,0,0,1,0,0,0,0,1,0,1,0,0,0,0
"Subject072",0,0,0,0,1,1,0,1,1,0,0,0,0,1,0,0,0,0,0,0
"Subject073",0,0,0,0,0,0,0,1,0,0,0,0,0,0,0,0,0,0,0,0
"Subject074",1,1,1,0,1,1,0,0,1,1,1,1,1,1,1,1,1,1,0,0
"Subject075",0,0,0,0,0,1,0,1,0,0,0,1,0,0,0,1,0,0,0,0
"Subject076",0,0,0,0,0,0,0,0,0,0,0,0,0,0,0,0,0,0,0,0
"Subject077",0,1,0,0,1,1,0,1,1,0,0,0,0,1,0,1,0,0,0,0
"Subject078",1,1,1,0,0,1,0,1,0,1,1,1,1,1,0,1,1,1,0,1
"Subject079",1,1,1,1,1,1,1,1,1,1,1,1,1,1,1,1,1,1,1,1
"Subject080",0,0,0,1,1,1,1,1,1,1,1,1,0,1,0,0,1,1,1,1
"Subject081",0,0,0,1,0,0,0,1,0,0,0,1,0,1,0,0,0,0,0,0
"Subject082",1,1,1,1,0,1,1,1,1,0,1,0,0,1,1,1,1,1,1,1
"Subject083",0,0,0,0,0,0,0,0,1,0,0,0,0,0,0,0,0,0,0,0
"Subject084",1,1,1,0,0,1,0,0,0,0,0,1,0,1,0,0,0,0,0,0
"Subject085",1,1,1,0,1,1,0,1,1,0,0,1,0,0,1,0,0,1,0,0
"Subject086",1,1,0,1,0,1,1,1,0,0,1,1,0,1,1,0,1,1,0,1
"Subject087",1,1,0,1,1,1,0,1,1,1,1,1,1,0,0,1,1,1,0,1
"Subject088",1,0,1,1,1,1,1,1,1,1,1,1,1,0,1,1,1,1,1,1
"Subject089",1,1,1,1,1,1,1,1,1,1,1,1,1,1,1,1,1,1,1,1
"Subject090",1,1,1,1,1,1,1,1,0,1,1,1,1,1,0,1,1,1,1,1
"Subject091",1,1,1,1,0,1,1,1,1,0,0,1,0,1,1,1,0,0,1,0
"Subject092",0,0,0,0,0,0,0,1,0,0,0,1,0,0,0,1,0,0,0,0
"Subject093",1,1,1,1,1,1,1,1,0,1,1,1,1,1,1,1,1,1,0,1
"Subject094",1,1,1,1,1,1,1,1,1,1,1,1,1,1,1,1,1,0,1,1
"Subject095",1,1,1,1,1,1,1,1,1,1,1,1,1,1,1,1,1,1,1,1
"Subject096",0,1,1,1,0,1,1,1,1,1,1,1,1,1,1,1,1,1,1,1
"Subject097",0,0,0,0,1,1,0,1,0,0,1,1,0,1,0,1,1,0,0,1
"Subject098",0,0,0,0,0,0,0,0,1,0,0,1,0,0,0,1,0,0,0,0
"Subject099",1,1,1,1,1,1,1,1,0,1,1,1,1,1,1,1,0,1,1,1
"Subject100",0,0,0,1,0,1,0,1,0,0,0,0,0,0,0,0,0,0,0,0
"Subject101",1,0,0,0,1,1,0,0,1,0,0,0,0,0,0,1,0,0,0,0
"Subject102",1,1,1,0,1,1,1,1,1,1,1,1,1,1,1,1,1,1,1,1
"Subject103",0,0,0,0,1,1,0,0,1,0,0,0,0,1,0,1,0,0,0,0
"Subject104",0,1,1,1,1,1,1,1,1,1,1,1,1,1,1,1,1,1,1,1
"Subject105",0,1,1,1,1,1,1,1,1,1,1,1,1,1,1,0,1,0,0,0
"Subject106",1,1,0,0,1,1,0,0,1,0,0,1,0,1,0,1,0,1,0,0
"Subject107",1,1,1,1,0,1,0,1,0,0,0,0,0,0,0,0,0,0,0,0
"Subject108",1,1,1,1,1,1,1,1,1,1,1,1,1,1,1,1,1,1,1,1
"Subject109",1,1,1,0,1,1,0,1,1,0,0,1,0,1,0,1,0,1,1,0
"Subject110",1,1,1,1,1,1,0,1,0,1,1,1,0,0,1,1,1,1,0,0
"Subject111",0,0,0,0,0,1,0,1,0,0,0,1,0,0,0,0,0,0,0,0
"Subject112",0,0,0,0,0,0,0,0,0,0,0,0,0,0,0,0,0,0,0,0
"Subject113",1,0,0,0,1,1,1,1,0,1,0,1,0,1,1,1,0,0,0,0
"Subject114",0,0,0,0,0,1,0,0,0,1,1,1,0,1,0,1,1,1,0,1
"Subject115",1,1,0,1,1,1,1,1,0,1,0,0,1,1,0,1,0,1,1,0
"Subject116",0,1,1,1,1,1,1,1,1,1,1,1,1,1,1,1,1,1,1,1
"Subject117",0,0,0,0,0,0,0,0,1,0,0,0,0,0,0,0,0,0,0,0
"Subject118",0,0,0,1,0,1,0,1,0,0,1,1,0,1,0,1,0,1,0,1
"Subject119",0,0,0,1,0,1,1,1,1,1,1,1,0,1,1,1,0,1,1,1
"Subject120",0,0,0,0,0,0,0,0,0,0,0,0,0,0,0,0,0,0,0,0
"Subject121",0,0,0,1,1,0,0,1,0,0,0,0,0,0,0,0,0,0,0,0
"Subject122",0,0,0,0,0,1,0,0,1,0,0,1,0,0,0,1,0,1,0,0
"Subject123",0,0,0,0,0,1,0,0,0,0,0,0,0,1,0,1,0,0,0,0
"Subject124",1,1,1,1,1,1,1,1,1,1,1,1,1,1,1,1,1,1,1,1
"Subject125",1,1,1,0,1,1,0,0,0,1,1,1,1,1,0,1,1,0,1,1
"Subject126",1,1,0,1,1,1,0,1,0,1,1,1,1,1,1,1,1,1,1,1
"Subject127",1,1,1,1,1,1,0,1,1,1,1,1,1,1,1,1,1,1,1,1
"Subject128",0,0,0,1,1,1,1,1,1,1,1,1,1,1,1,1,1,1,1,1
"Subject129",0,0,0,1,0,1,0,1,0,1,1,1,0,1,0,1,1,0,0,0
"Subject130",1,1,1,1,1,0,1,1,1,1,1,1,1,1,0,1,1,1,1,1
"Subject131",0,0,0,0,0,1,0,0,0,0,0,1,0,0,0,1,1,0,0,0
"Subject132",0,1,0,1,1,1,0,1,1,1,1,1,1,1,0,1,1,1,0,0
"Subject133",0,0,0,0,1,1,1,1,1,0,0,1,0,0,1,0,0,0,0,0
"Subject134",0,0,0,0,0,0,0,1,0,0,0,0,0,0,0,0,0,0,0,0
"Subject135",0,0,0,0,1,0,0,1,0,0,0,0,0,0,0,0,0,0,0,0
"Subject136",1,1,1,1,1,1,1,1,1,1,1,1,1,1,1,1,1,0,1,1
"Subject137",0,1,1,0,0,1,0,1,0,0,1,0,0,1,1,1,1,1,0,1
"Subject138",1,1,1,1,1,1,1,1,1,0,1,1,1,1,1,1,1,1,1,1
"Subject139",0,0,0,0,1,0,0,0,1,0,0,0,0,0,0,0,0,0,0,0
"Subject140",1,1,1,1,1,1,1,1,1,1,0,1,1,1,1,1,1,1,1,1
"Subject141",1,1,1,1,1,1,1,1,1,0,1,1,0,0,1,1,0,0,0,0
"Subject142",1,1,0,1,1,1,1,1,1,1,1,1,1,1,1,1,1,0,1,1
"Subject143",0,0,0,0,0,1,0,1,0,0,0,1,0,0,0,0,0,0,0,0
"Subject144",0,0,0,0,1,1,0,1,0,0,1,0,0,0,0,0,0,0,0,0
"Subject145",0,0,0,0,0,1,0,0,0,0,1,1,0,1,0,0,0,0,0,0
"Subject146",0,1,1,1,1,1,0,1,0,1,0,1,1,1,1,1,1,1,1,1
"Subject147",1,1,1,1,1,1,1,1,0,1,1,1,1,1,1,1,1,1,1,0
"Subject148",0,0,0,0,0,0,0,0,0,0,0,0,0,0,0,0,0,0,0,0
"Subject149",0,1,1,1,1,1,0,1,1,1,0,1,1,1,0,1,1,1,0,1
"Subject150",1,1,1,1,1,1,1,1,1,1,1,1,1,1,1,1,1,1,1,1
"Subject151",1,1,1,1,1,1,1,1,0,1,1,1,1,1,1,1,0,0,1,1
"Subject152",1,0,1,1,1,1,1,1,1,1,1,1,1,1,1,1,1,1,1,1
"Subject153",1,1,0,0,1,1,1,1,1,1,1,1,1,1,1,1,1,0,1,1
"Subject154",1,1,1,0,1,1,1,1,1,1,1,0,1,1,1,1,1,1,1,1
"Subject155",0,1,1,1,1,1,1,1,1,1,1,1,1,0,1,1,0,1,1,1
"Subject156",1,1,1,1,1,1,1,1,0,0,1,1,1,1,1,1,1,1,1,1
"Subject157",0,1,1,1,1,1,1,1,1,1,1,1,1,1,1,1,0,1,1,0
"Subject158",0,0,0,1,0,1,0,0,0,1,1,1,0,1,0,0,1,1,0,1
"Subject159",0,1,1,1,0,1,1,1,1,0,0,1,0,1,1,1,0,0,1,0
"Subject160",1,1,1,1,1,1,1,1,1,0,1,1,1,1,1,1,1,1,0,1
"Subject161",1,1,1,1,1,1,0,1,1,1,1,1,1,1,1,1,0,1,0,1
"Subject162",1,1,1,1,0,0,1,1,1,1,1,1,1,1,1,1,1,1,1,1
"Subject163",1,1,1,1,1,1,1,1,1,1,1,1,1,1,1,1,1,0,1,1
"Subject164",1,1,1,1,1,1,1,1,1,1,1,1,1,1,1,1,1,1,1,0
"Subject165",0,0,0,0,0,0,0,0,0,0,0,0,0,0,0,0,0,0,0,0
"Subject166",0,0,0,0,1,0,0,0,1,0,0,0,0,0,0,0,0,0,0,0
"Subject167",0,0,0,0,0,0,0,0,1,0,0,1,0,0,0,0,0,0,0,0
"Subject168",1,1,1,1,1,1,1,1,1,1,1,1,1,1,1,1,1,1,1,1
"Subject169",1,1,1,1,1,0,1,0,1,1,1,1,1,1,1,1,1,1,1,1
"Subject170",0,0,0,0,0,0,0,0,0,0,0,0,0,0,0,0,0,0,0,0
"Subject171",0,0,0,0,0,0,0,0,0,0,0,1,0,0,0,1,1,1,0,1
"Subject172",0,1,1,1,1,1,0,1,1,1,1,1,1,1,0,1,1,1,0,1
"Subject173",1,1,1,1,1,1,1,1,1,1,1,1,1,1,1,1,1,1,1,1
"Subject174",0,0,0,1,0,1,1,1,1,0,0,1,0,1,1,0,1,1,0,0
"Subject175",0,0,0,0,1,1,0,0,1,0,1,1,0,0,0,1,0,0,0,0
"Subject176",0,0,0,1,0,1,0,1,0,0,1,1,0,1,0,1,0,1,0,1
"Subject177",0,1,1,1,0,1,0,1,0,0,1,1,0,1,0,1,1,1,0,1
"Subject178",0,1,1,0,1,1,0,0,0,0,0,0,0,1,0,0,0,0,0,0
"Subject179",0,1,1,1,1,1,0,1,1,1,1,1,1,1,0,1,1,1,0,0
"Subject180",1,1,0,1,1,1,1,1,1,1,1,1,0,1,1,1,1,1,1,1
"Subject181",0,0,0,1,0,0,0,1,0,0,0,0,0,0,0,0,0,0,0,0
"Subject182",1,1,1,1,1,1,0,1,1,0,1,1,0,1,0,1,1,1,0,0
"Subject183",1,1,1,1,0,1,1,1,1,0,1,0,0,1,0,1,1,0,0,0
"Subject184",1,1,1,0,1,1,1,1,1,1,1,1,1,1,1,1,1,1,1,1
"Subject185",1,1,1,1,1,1,0,1,1,1,1,1,1,1,1,1,1,1,1,1
"Subject186",1,1,1,1,1,1,1,1,1,0,1,1,1,1,1,1,1,1,1,0
"Subject187",1,1,0,0,1,1,0,0,1,0,0,0,0,0,0,0,0,0,0,0
"Subject188",0,0,0,0,0,1,0,1,0,0,1,1,0,1,0,0,0,0,0,0
"Subject189",1,1,1,1,1,1,1,1,1,1,1,1,1,1,1,1,1,1,1,1
"Subject190",1,1,1,1,1,1,1,1,1,1,1,1,1,1,1,1,1,1,1,1
"Subject191",1,1,1,1,1,1,1,1,1,1,1,1,1,1,1,0,1,0,1,1
"Subject192",1,1,1,1,1,1,1,1,1,1,1,1,0,1,1,1,1,1,1,1
"Subject193",1,1,1,0,1,1,1,0,1,1,1,1,1,1,1,1,1,1,1,1
"Subject194",0,0,0,0,0,1,0,0,0,0,0,1,0,0,0,1,1,1,0,1
"Subject195",0,0,0,0,1,0,0,1,1,0,0,0,0,0,0,1,0,0,0,0
"Subject196",1,1,1,1,1,1,1,1,1,1,1,1,0,1,1,1,1,1,1,1
"Subject197",1,1,1,1,1,1,1,1,1,1,1,1,1,1,0,1,1,1,1,1
"Subject198",1,1,1,1,1,1,1,1,1,1,1,1,1,1,1,1,1,1,1,1
"Subject199",1,1,1,1,0,1,1,1,1,1,1,1,1,1,1,1,1,1,1,1
"Subject200",1,0,1,0,0,1,0,0,0,0,0,1,0,0,1,0,0,0,0,0
"Subject201",1,1,1,1,1,1,1,1,1,1,1,1,1,1,1,1,1,1,1,1
"Subject202",0,1,1,1,1,1,1,1,1,1,1,1,1,1,1,1,1,0,1,1
"Subject203",1,1,1,0,1,1,1,1,0,1,1,1,0,1,1,1,0,0,1,1
"Subject204",1,1,0,1,1,1,1,1,1,1,1,1,1,1,1,1,1,1,1,1
"Subject205",0,0,0,1,0,1,0,1,0,0,1,1,0,1,0,1,1,1,0,0
"Subject206",0,0,0,0,1,1,0,1,1,1,1,1,0,1,1,1,1,1,0,1
"Subject207",1,1,1,1,0,1,0,1,0,0,1,1,1,1,1,1,0,1,0,1
"Subject208",1,1,1,1,1,1,1,1,1,0,0,0,0,0,0,0,0,0,0,0
"Subject209",1,1,1,1,1,1,1,1,1,1,1,1,0,1,1,0,1,1,1,1
"Subject210",1,1,1,1,1,1,1,1,1,1,1,1,1,1,1,1,1,1,1,1
"Subject211",0,0,0,1,0,0,0,1,1,0,0,0,0,1,0,1,0,0,0,0
"Subject212",0,1,1,1,1,1,0,1,0,0,0,1,0,1,1,1,0,0,1,0
"Subject213",1,1,1,1,1,1,1,1,1,1,1,1,1,1,1,1,1,1,1,1
"Subject214",0,1,1,1,1,1,1,1,1,1,1,1,1,1,1,1,1,1,1,1
"Subject215",1,1,0,0,1,1,0,0,1,0,0,0,0,0,0,0,0,0,0,0
"Subject216",1,1,1,1,1,1,1,1,1,1,1,1,1,1,1,1,1,1,1,1
"Subject217",0,0,0,0,0,0,0,1,0,0,0,0,0,0,0,0,0,0,0,0
"Subject218",1,1,0,1,1,1,1,1,1,1,1,1,0,1,1,1,1,1,1,1
"Subject219",1,1,1,0,1,0,1,0,1,1,0,1,1,1,1,0,0,0,0,0
"Subject220",1,1,0,1,0,1,0,1,0,1,1,1,0,1,0,0,1,0,1,1
"Subject221",0,0,0,1,0,1,1,1,0,0,1,1,0,1,1,1,1,1,0,0
"Subject222",1,1,1,0,0,1,1,1,1,1,1,1,0,1,1,1,1,1,0,0
"Subject223",1,1,1,1,1,1,1,1,1,1,1,1,1,1,1,1,1,1,1,1
"Subject224",0,0,0,0,0,0,0,0,1,0,0,0,0,0,0,0,0,0,0,0
"Subject225",1,1,1,1,1,1,1,1,1,1,1,1,1,1,0,1,1,1,0,1
"Subject226",0,0,0,1,0,1,0,1,0,0,1,1,0,0,0,1,0,0,0,0
"Subject227",0,0,0,0,0,0,0,0,0,0,0,0,0,0,0,0,0,0,0,0
"Subject228",0,0,0,0,0,1,0,0,0,0,0,1,0,0,0,0,0,1,0,0
"Subject229",1,1,1,1,1,1,1,0,1,0,1,1,1,1,1,1,1,1,1,1
"Subject230",1,1,1,0,1,1,1,1,1,0,0,1,0,1,0,0,1,1,0,0
"Subject231",0,0,0,0,0,0,0,0,0,0,0,0,0,0,0,0,0,0,0,0
"Subject232",1,1,1,1,0,1,1,1,1,1,1,1,0,1,0,1,0,1,0,0
"Subject233",0,0,0,0,0,1,0,0,1,0,0,1,0,1,0,1,0,0,0,0
"Subject234",0,1,0,1,0,1,1,1,0,1,1,1,1,1,1,1,1,1,1,1
"Subject235",1,1,0,0,0,1,0,0,1,0,0,1,0,0,0,0,0,0,0,0
"Subject236",1,1,1,1,0,1,1,1,0,1,0,0,0,0,0,0,0,0,0,0
"Subject237",1,1,1,1,0,1,1,0,1,0,0,1,0,0,1,1,0,0,0,0
"Subject238",1,1,0,1,1,1,1,1,1,1,1,1,1,1,1,1,1,1,1,1
"Subject239",0,0,0,1,0,0,0,0,0,1,1,1,0,1,0,0,1,1,0,1
"Subject240",1,1,0,0,0,1,0,1,1,0,0,1,0,0,0,0,0,0,0,0
"Subject241",1,1,1,1,1,1,0,1,1,1,1,0,1,1,1,1,1,1,0,1
"Subject242",1,1,1,0,0,1,1,0,1,0,0,1,1,1,0,1,1,1,0,0
"Subject243",1,1,1,1,0,1,0,1,0,1,1,1,0,1,0,1,1,1,0,1
"Subject244",0,0,0,0,0,1,0,1,1,0,0,1,0,1,0,1,0,0,0,0
"Subject245",1,1,1,1,1,1,1,1,0,1,1,1,1,1,1,1,1,1,1,1
"Subject246",0,0,0,0,0,0,0,1,0,0,0,0,0,0,0,0,0,0,0,0
"Subject247",1,1,0,1,1,1,0,1,1,0,1,1,1,1,1,1,1,1,1,1
"Subject248",1,1,1,1,1,1,1,1,1,1,1,1,1,1,1,1,1,0,0,1
"Subject249",0,0,0,0,0,1,0,1,0,0,0,0,0,0,0,0,0,0,0,0
"Subject250",0,0,0,0,0,1,0,1,1,0,0,0,0,0,0,1,0,0,0,0
"Subject251",0,0,0,1,0,0,0,1,0,0,0,0,0,0,0,0,0,0,0,0
"Subject252",1,1,1,0,1,1,0,1,0,0,0,1,0,1,1,1,0,0,1,0
"Subject253",0,0,0,1,0,0,0,1,0,0,0,0,0,0,1,0,0,0,0,0
"Subject254",1,1,1,1,1,1,1,1,1,0,1,1,1,0,1,1,1,1,1,1
"Subject255",1,0,0,0,0,0,0,0,1,0,0,0,0,1,0,1,0,1,0,0
"Subject256",1,1,0,1,1,1,1,1,1,1,1,1,1,1,0,1,0,1,1,1
"Subject257",1,1,1,1,1,1,1,1,1,1,1,1,1,1,1,1,1,1,1,1
"Subject258",1,1,1,1,1,1,1,1,1,1,1,0,1,1,1,0,1,1,1,1
"Subject259",1,1,1,1,0,1,0,1,0,0,1,1,0,1,0,0,1,1,0,1
"Subject260",1,0,0,0,1,1,1,1,1,1,1,1,0,1,1,1,1,1,0,1
"Subject261",0,0,0,0,0,1,0,0,1,0,0,0,0,1,0,0,0,0,0,0
"Subject262",0,0,0,1,1,1,1,1,1,1,1,1,1,1,1,1,1,0,1,1
"Subject263",0,0,0,0,0,1,0,0,1,0,0,1,0,1,0,1,0,1,0,0
"Subject264",0,0,0,0,0,1,0,0,0,0,0,1,0,0,0,0,0,0,0,0
"Subject265",0,0,0,0,0,0,0,1,1,0,0,0,0,0,0,1,1,0,0,0
"Subject266",1,1,1,1,1,1,1,1,1,1,1,1,0,1,1,1,1,1,0,1
"Subject267",1,1,1,1,1,1,1,1,1,1,1,1,0,1,1,1,1,1,1,1
"Subject268",1,1,1,1,0,1,0,1,1,0,0,0,0,0,0,1,1,0,0,0
"Subject269",1,1,1,0,0,1,0,1,1,0,1,1,1,1,0,1,0,1,1,0
"Subject270",1,1,1,1,1,1,1,1,1,0,1,0,0,1,1,1,1,1,1,1
"Subject271",0,0,0,0,1,1,0,1,1,0,0,0,0,1,0,1,0,0,0,0
"Subject272",1,1,0,1,0,0,0,1,1,1,1,1,1,1,0,1,0,1,0,1
"Subject273",1,1,1,1,1,1,1,1,1,1,1,1,1,1,1,1,1,1,1,0
"Subject274",1,1,0,1,1,1,0,1,0,1,0,0,0,0,0,0,0,0,0,0
"Subject275",1,1,1,1,1,1,1,1,1,1,1,1,1,1,1,1,1,1,1,1
"Subject276",1,1,0,0,1,1,1,0,0,0,0,1,0,1,1,1,0,0,0,0
"Subject277",1,1,1,1,1,1,0,1,1,1,1,1,1,1,1,1,1,1,0,0
"Subject278",1,1,1,1,1,1,1,1,1,1,1,1,1,1,1,1,1,1,1,1
"Subject279",1,1,1,1,1,1,1,1,1,1,1,1,0,1,1,1,1,1,1,1
"Subject280",1,1,1,1,1,1,1,1,1,1,1,1,1,1,1,1,1,1,1,1
"Subject281",1,1,1,1,1,1,1,1,1,1,1,1,1,1,1,1,1,1,0,1
"Subject282",1,1,1,1,1,1,1,1,1,1,1,1,1,1,1,1,1,1,1,1
"Subject283",0,0,0,1,0,1,1,1,1,1,1,1,0,1,1,1,0,1,1,1
"Subject284",1,1,1,1,1,1,1,1,1,1,1,1,1,1,1,1,1,0,1,1
"Subject285",0,1,1,0,0,0,1,1,1,1,1,0,1,1,1,0,1,0,1,1
"Subject286",1,0,1,1,0,0,0,1,0,0,0,0,0,0,0,0,0,0,0,0
"Subject287",0,1,1,1,1,1,1,0,0,1,1,1,0,1,1,1,1,1,1,0
"Subject288",1,1,0,1,1,1,1,1,1,1,1,1,1,1,1,1,1,1,0,1
"Subject289",1,1,0,1,1,1,0,1,0,0,1,1,1,1,0,1,1,1,0,1
"Subject290",1,1,1,1,0,1,0,1,1,1,1,1,1,1,1,1,1,1,1,1
"Subject291",0,0,0,0,0,0,0,0,0,0,0,0,0,0,0,0,0,0,0,0
"Subject292",1,1,1,0,1,1,0,0,0,0,0,0,0,1,0,1,0,0,0,0
"Subject293",0,0,0,1,1,1,1,0,0,0,0,1,0,1,1,1,1,0,0,0
"Subject294",0,0,0,0,0,1,0,0,1,0,0,1,0,1,0,1,0,0,0,0
"Subject295",1,1,1,1,1,1,0,1,1,1,1,1,1,1,1,1,1,1,1,1
"Subject296",0,0,0,1,0,1,0,1,0,0,0,0,0,0,0,0,0,0,0,0
"Subject297",0,0,0,0,0,0,0,1,0,1,0,0,0,0,0,0,0,0,0,0
"Subject298",0,0,0,0,0,1,1,1,1,0,1,0,0,1,1,1,1,1,1,1
"Subject299",0,1,0,1,0,1,0,0,0,0,0,0,0,0,0,0,0,0,0,0
"Subject300",1,1,1,1,1,1,1,1,1,1,1,0,0,1,1,1,1,1,1,1
"Subject301",1,1,1,1,1,1,1,1,1,1,1,1,0,1,1,1,1,1,1,1
"Subject302",1,1,1,1,1,1,1,1,1,1,1,1,1,1,0,1,1,1,1,1
"Subject303",1,1,1,1,0,1,1,1,1,0,1,1,1,1,0,1,0,1,0,0
"Subject304",1,1,1,0,1,1,1,1,0,0,0,0,0,0,0,0,0,0,0,0
"Subject305",1,1,1,1,1,1,1,1,0,1,1,1,1,1,1,1,1,0,1,1
"Subject306",1,1,1,0,1,1,0,0,1,1,0,1,1,1,1,1,1,0,0,1
"Subject307",1,1,0,0,1,1,0,0,0,0,0,1,0,1,0,0,0,0,0,0
"Subject308",1,0,0,0,0,1,0,1,1,0,0,1,0,1,0,0,0,1,0,0
"Subject309",0,0,0,0,1,0,0,1,1,0,0,0,0,0,0,0,0,0,0,0
"Subject310",0,0,0,0,0,1,0,1,1,0,0,1,0,1,0,0,0,1,0,0
"Subject311",1,1,1,0,1,1,1,1,1,0,0,1,0,1,1,1,0,0,0,0
"Subject312",0,0,0,0,1,0,0,0,1,0,0,0,0,0,0,0,0,0,0,0
"Subject313",1,1,1,1,0,1,0,1,1,0,1,1,1,1,1,1,1,1,0,0
"Subject314",0,1,0,0,1,0,0,1,1,0,0,1,0,1,0,1,0,0,0,0
"Subject315",1,1,1,1,0,1,1,1,1,1,0,1,0,1,1,1,1,1,1,1
"Subject316",1,1,1,0,0,1,0,1,1,0,0,1,0,1,0,0,0,0,0,0
"Subject317",0,0,0,0,0,1,0,1,1,0,0,1,0,1,0,1,1,0,0,0
"Subject318",1,1,1,1,1,1,1,1,0,0,0,1,0,1,1,1,1,1,1,0
"Subject319",1,1,1,1,1,1,1,1,1,0,1,1,0,1,1,0,1,1,1,1
"Subject320",0,0,0,0,1,1,0,0,1,0,0,1,0,1,0,1,0,0,0,0
"Subject321",1,1,1,0,1,1,0,1,0,0,0,1,0,0,0,1,0,0,0,0
"Subject322",1,1,1,1,1,1,0,1,1,0,1,1,1,1,1,1,1,1,1,1
"Subject323",1,1,1,1,1,1,1,1,1,1,1,1,0,1,1,1,1,1,1,1
"Subject324",1,1,1,1,0,1,0,1,0,0,1,1,1,1,1,1,1,1,0,1
"Subject325",1,1,1,1,1,1,0,1,1,1,1,1,1,1,1,1,1,1,0,1
"Subject326",0,0,0,0,0,1,0,0,1,0,0,1,0,1,0,1,0,1,0,0
"Subject327",0,0,0,1,0,0,0,1,0,0,0,0,0,0,0,0,0,0,0,0
"Subject328",1,1,1,1,1,1,0,1,1,0,1,1,0,1,1,0,1,1,0,1
"Subject329",1,1,1,0,1,1,0,0,0,0,0,1,0,1,1,0,0,1,0,0
"Subject330",1,0,1,0,1,1,0,1,1,0,0,1,0,1,0,0,0,0,0,0
"Subject331",0,1,0,0,1,1,0,1,1,0,0,1,0,1,0,1,0,1,0,0
"Subject332",1,1,1,0,0,1,1,1,0,0,0,1,0,1,1,0,0,1,0,0
"Subject333",0,0,0,0,0,1,0,1,1,0,0,1,0,1,0,1,0,0,0,0
"Subject334",0,0,0,0,0,0,0,0,1,0,0,0,0,0,0,0,0,0,0,0
"Subject335",1,1,1,1,1,1,0,1,0,0,1,1,0,1,0,1,1,1,1,1
"Subject336",1,1,1,0,0,1,0,1,1,0,0,0,0,1,0,1,1,1,0,0
"Subject337",0,0,0,0,1,1,0,1,1,0,0,0,0,1,0,0,0,0,0,0
"Subject338",0,0,0,0,0,1,0,1,1,0,0,1,0,1,0,0,0,0,0,0
"Subject339",1,1,1,1,0,1,0,1,0,1,1,1,0,1,0,1,0,1,0,0
"Subject340",1,1,1,1,1,1,1,1,1,1,1,1,0,1,1,1,1,1,1,1
"Subject341",1,1,1,1,1,1,1,1,1,1,1,1,0,1,1,1,1,1,1,1
"Subject342",0,0,0,0,0,0,0,0,1,0,0,0,0,0,0,0,0,0,0,0
"Subject343",0,0,0,0,1,0,0,1,1,0,0,0,0,0,0,0,0,0,0,0
"Subject344",1,1,0,1,1,1,1,1,0,1,1,1,0,1,1,1,1,1,1,1
"Subject345",0,0,0,0,1,0,0,1,1,0,0,0,0,0,0,0,0,0,0,0
"Subject346",1,1,1,1,1,1,1,1,1,0,1,1,0,1,1,1,1,1,1,1
"Subject347",0,1,1,0,1,1,1,1,0,0,1,0,0,0,0,0,0,0,0,0
"Subject348",1,1,1,0,1,1,1,1,0,0,0,0,0,1,1,1,0,1,0,0
"Subject349",1,0,1,1,0,1,0,1,0,0,0,1,0,1,0,1,0,0,0,0
"Subject350",1,1,1,1,1,1,1,1,1,0,1,1,0,1,1,1,1,1,1,0
"Subject351",1,1,1,0,1,1,1,1,1,1,1,1,1,1,1,1,1,1,1,1
"Subject352",0,0,0,0,0,1,0,1,1,0,0,1,0,1,0,1,0,0,0,0
"Subject353",0,0,0,0,1,0,0,1,1,0,0,0,0,0,0,0,0,0,0,0
"Subject354",1,1,1,1,1,1,1,1,1,1,1,1,0,1,1,1,1,1,1,1
"Subject355",1,1,1,0,0,1,0,1,0,0,0,1,0,1,0,1,0,0,0,0
"Subject356",1,1,1,1,1,1,1,1,1,0,1,1,0,1,1,1,1,0,1,1
"Subject357",1,1,0,0,1,1,1,1,1,0,0,1,0,1,0,0,0,1,0,0
"Subject358",1,1,1,1,1,1,1,1,1,1,1,1,1,1,1,1,1,1,1,1
"Subject359",1,1,1,1,1,1,1,1,1,0,1,1,1,1,1,1,1,0,1,1
"Subject360",1,1,1,0,1,1,1,1,0,0,0,1,0,1,0,1,0,1,0,0
"Subject361",0,1,1,1,1,1,1,1,1,1,1,1,1,1,1,1,1,0,1,0
"Subject362",1,1,1,1,1,1,0,1,1,1,0,1,0,1,1,1,0,0,1,0
"Subject363",1,1,1,1,1,1,1,1,1,0,1,1,1,1,1,1,1,1,0,1
"Subject364",0,0,0,0,1,1,0,1,1,0,0,1,0,0,0,1,0,0,0,0
"Subject365",1,1,0,1,0,1,1,1,1,0,1,1,0,1,1,1,1,1,1,1
"Subject366",1,1,1,0,1,1,0,1,0,0,0,1,0,1,1,1,1,1,0,0
"Subject367",0,0,0,0,0,1,0,0,1,0,0,1,0,1,0,1,0,0,0,0
"Subject368",1,1,1,1,1,1,1,1,1,1,1,1,1,1,1,1,1,0,1,0
"Subject369",1,1,1,1,1,1,1,1,1,1,1,1,1,1,1,1,1,1,1,0
"Subject370",1,1,1,1,1,1,1,1,1,1,1,1,0,1,1,1,1,1,1,1
"Subject371",1,0,1,0,0,1,0,1,1,0,0,1,0,0,0,1,0,0,0,0
"Subject372",0,0,0,0,1,1,0,0,1,0,0,1,0,1,0,1,0,0,0,0
"Subject373",0,1,1,0,0,1,0,1,1,0,0,0,0,1,0,1,0,1,0,0
"Subject374",1,1,1,1,1,1,0,1,1,1,1,1,1,1,1,1,1,0,0,1
"Subject375",1,1,1,0,1,1,1,1,1,1,1,1,0,1,1,1,1,1,0,1
"Subject376",1,1,1,1,1,1,0,1,1,1,0,1,1,1,1,1,1,1,0,1
"Subject377",0,0,0,0,1,1,0,0,1,0,0,1,0,1,0,1,0,0,0,0
"Subject378",1,1,1,0,1,1,0,0,1,0,1,1,0,1,0,1,0,1,0,0
"Subject379",1,1,1,0,1,1,0,1,1,0,0,1,0,1,1,1,0,1,0,0
"Subject380",1,0,0,0,0,1,0,1,1,0,0,0,0,1,0,1,0,0,0,0
"Subject381",1,1,1,0,0,1,0,0,0,0,0,1,0,1,0,1,0,0,0,0
"Subject382",0,1,1,0,1,1,0,1,1,0,0,1,0,1,0,1,0,0,0,0
"Subject383",1,1,1,1,1,1,1,1,1,0,1,1,0,1,1,1,1,1,1,1
"Subject384",1,1,1,1,1,1,1,1,1,1,0,1,1,1,1,1,1,1,0,0
"Subject385",1,1,1,1,1,1,0,1,0,0,1,1,1,1,1,1,1,1,1,1
"Subject386",1,1,1,0,1,1,0,0,1,1,0,1,0,1,0,1,0,0,0,0
"Subject387",0,0,0,0,1,1,0,0,1,0,0,1,0,1,0,1,0,0,0,0
"Subject388",1,1,1,0,1,1,0,1,0,0,0,1,0,1,0,1,0,0,0,0
"Subject389",1,1,1,1,1,1,1,1,1,1,1,1,0,1,1,1,1,1,1,1
"Subject390",0,0,0,0,1,1,0,1,1,0,0,1,0,1,0,1,0,1,0,0
"Subject391",0,1,1,0,1,1,0,1,0,0,0,1,0,1,0,1,0,0,0,0
"Subject392",0,0,0,0,0,1,0,0,0,0,0,1,0,1,0,1,0,0,0,0
"Subject393",0,0,0,0,1,1,0,0,0,0,0,1,0,1,0,1,0,0,0,0
"Subject394",1,1,1,1,1,1,1,1,1,1,1,1,1,1,1,1,1,1,1,1
"Subject395",0,0,0,0,1,0,0,1,1,0,0,0,0,0,0,0,0,0,0,0
"Subject396",1,1,1,1,1,1,1,1,1,1,1,1,1,1,1,1,1,1,1,1
"Subject397",0,0,0,0,1,0,0,1,1,0,0,0,0,0,0,0,0,0,0,0
"Subject398",1,1,1,0,1,1,0,1,1,0,0,1,0,1,0,1,0,0,0,0
"Subject399",0,0,0,0,0,0,0,1,0,0,0,0,0,0,0,0,0,0,0,0
"Subject400",0,1,1,1,0,1,1,1,1,1,1,1,1,1,1,1,1,1,1,1
"Subject401",1,1,1,0,0,1,1,1,0,0,0,0,0,1,1,1,0,0,0,0
"Subject402",1,1,1,1,1,1,0,1,1,1,1,0,1,1,0,1,0,1,0,1
"Subject403",1,1,1,1,1,1,1,1,0,0,1,1,1,1,0,1,1,1,1,1
"Subject404",0,0,0,1,0,1,0,1,1,0,0,1,0,1,1,1,0,0,0,0
"Subject405",1,1,1,1,1,1,0,1,1,1,1,1,1,1,0,1,1,1,0,1
"Subject406",0,0,0,1,0,0,0,1,0,0,0,0,0,0,0,0,0,0,0,0
"Subject407",0,0,0,0,0,1,0,1,1,0,0,1,0,1,1,1,0,0,0,0
"Subject408",0,0,0,1,0,0,0,1,0,0,0,0,0,0,0,0,0,0,0,0
"Subject409",1,1,1,1,1,1,1,1,0,0,1,1,1,1,1,1,1,0,1,0
"Subject410",1,1,1,0,1,1,1,1,1,1,0,1,1,1,1,1,1,1,1,1
"Subject411",1,0,1,0,1,1,0,0,1,0,0,1,0,1,0,1,0,0,0,0
"Subject412",0,0,0,0,0,1,0,1,1,0,0,1,0,1,0,1,0,0,0,0
"Subject413",1,1,1,0,1,1,1,1,1,1,1,1,1,1,1,1,1,1,1,1
"Subject414",0,0,0,0,0,0,0,0,0,0,0,1,0,1,0,1,0,0,0,0
"Subject415",0,0,0,0,1,0,0,0,1,0,0,0,0,0,0,0,0,0,0,0
"Subject416",0,0,0,0,0,1,0,1,1,0,0,1,0,1,0,1,1,0,0,0
"Subject417",0,0,0,0,1,1,0,0,0,0,1,1,0,1,0,1,0,0,0,0
"Subject418",0,0,0,1,0,1,0,1,1,0,0,0,0,1,0,1,0,0,0,0
"Subject419",1,1,1,0,1,1,0,1,1,0,0,1,0,1,0,1,0,0,0,0
"Subject420",0,0,0,1,1,1,0,1,1,0,1,0,0,1,0,1,0,0,0,0
"Subject421",0,0,0,0,1,0,0,0,1,0,0,0,0,0,0,0,0,0,0,0
"Subject422",1,1,1,1,0,1,0,0,1,0,1,1,1,1,1,1,1,1,1,0
"Subject423",0,0,0,0,1,0,0,1,0,0,0,0,0,0,0,0,0,0,0,0
"Subject424",0,0,0,0,1,1,0,1,1,0,0,1,0,1,0,1,0,0,0,0
"Subject425",0,0,0,0,1,1,0,1,1,0,0,1,0,1,0,1,0,0,0,0
"Subject426",0,0,0,1,0,0,0,1,0,0,0,0,0,0,0,0,0,0,0,0
"Subject427",0,1,0,0,1,1,0,0,1,0,0,0,0,1,0,1,0,0,0,0
"Subject428",1,1,1,1,1,1,0,1,1,1,1,1,1,1,0,1,1,1,0,1
"Subject429",1,1,1,1,1,1,1,1,1,1,1,1,0,1,1,1,1,1,0,1
"Subject430",0,0,0,1,0,1,0,1,1,0,0,1,0,1,0,1,0,0,0,0
"Subject431",1,1,1,1,1,1,1,1,1,1,1,1,1,1,1,1,1,1,1,1
"Subject432",1,1,1,1,0,1,1,1,1,1,1,1,0,1,1,1,1,1,0,1
"Subject433",1,1,1,1,0,1,1,1,1,1,1,1,0,1,1,1,1,1,0,1
"Subject434",1,1,1,1,1,1,0,1,1,1,1,1,1,1,1,1,1,1,0,1
"Subject435",0,0,0,0,0,0,0,1,1,0,0,0,0,0,0,0,0,0,0,0
"Subject436",0,0,0,1,0,0,0,1,0,0,0,0,0,0,0,0,0,0,0,0
"Subject437",0,0,0,0,0,1,0,1,1,0,0,1,0,1,0,1,0,0,0,0
"Subject438",1,1,1,0,0,1,1,1,1,0,0,1,0,1,1,1,0,0,0,0
"Subject439",1,0,1,1,1,1,1,1,1,1,1,1,1,1,1,1,1,0,0,1
"Subject440",1,1,0,1,1,1,1,1,1,1,1,1,0,1,1,1,1,1,0,1
"Subject441",0,0,0,0,1,0,0,1,1,0,0,0,0,0,0,0,0,0,0,0
"Subject442",0,0,0,1,0,0,0,1,0,0,0,0,0,0,0,0,0,0,0,0
"Subject443",1,1,1,1,0,1,1,1,1,0,1,1,0,1,0,1,1,1,1,1
"Subject444",1,1,1,0,1,1,1,1,1,0,0,1,0,1,1,1,0,1,0,0
"Subject445",1,1,1,1,1,1,1,1,1,0,1,1,1,1,1,1,1,1,1,1
"Subject446",0,0,0,1,0,0,0,1,0,0,0,0,0,0,0,0,0,0,0,0
"Subject447",1,1,1,1,1,1,0,1,1,1,1,1,1,1,0,1,0,1,0,1
"Subject448",1,1,1,0,0,1,1,1,1,0,0,1,1,1,1,1,0,1,0,0
"Subject449",1,1,1,1,0,1,0,1,0,1,1,1,0,0,0,1,0,0,0,0
"Subject450",0,0,0,0,0,1,0,0,1,0,1,1,0,1,0,1,0,0,0,0
"Subject451",0,0,0,0,0,1,0,1,1,0,0,1,0,0,0,1,0,0,0,0
"Subject452",0,0,0,0,0,1,1,1,0,0,0,1,0,1,0,1,0,0,0,0
"Subject453",1,1,1,1,0,1,1,1,1,1,1,1,1,1,1,1,1,0,1,1
"Subject454",0,0,0,1,0,0,0,1,0,0,0,0,0,0,0,0,0,0,0,0
"Subject455",0,0,0,0,1,0,0,1,1,0,0,0,0,1,1,1,1,0,0,0
"Subject456",1,1,1,1,1,1,1,1,1,1,1,1,0,1,1,1,1,0,1,1
"Subject457",0,1,1,1,1,1,0,1,0,0,0,1,0,1,0,1,0,1,0,0
"Subject458",1,1,1,1,1,1,1,1,1,0,1,1,0,1,1,1,1,1,1,1
"Subject459",1,1,1,1,1,1,1,1,0,1,1,1,0,1,1,1,1,0,1,1
"Subject460",1,1,1,0,1,1,1,1,0,0,0,1,0,1,1,1,0,0,0,0
"Subject461",1,1,1,0,1,1,1,1,1,0,0,1,0,1,1,1,0,1,0,0
"Subject462",0,0,0,0,1,1,0,0,1,0,0,1,0,1,0,0,0,0,0,0
"Subject463",1,0,0,1,1,1,0,1,1,0,0,1,0,0,0,1,0,0,0,0
"Subject464",0,1,1,1,1,1,1,1,1,0,1,1,1,1,1,1,0,1,0,1
"Subject465",1,1,1,0,1,1,1,0,1,0,0,1,0,1,0,1,0,1,0,0
"Subject466",1,1,1,1,1,1,0,1,1,1,1,1,0,1,1,1,1,1,0,1
"Subject467",0,1,0,0,0,1,0,1,1,0,0,1,0,1,0,1,0,0,0,0
"Subject468",1,1,1,1,1,1,1,1,1,1,1,1,0,1,1,1,1,1,1,1
"Subject469",1,1,1,0,1,1,1,0,0,0,0,1,0,1,1,1,0,1,0,0
"Subject470",1,1,1,1,1,1,1,1,1,1,0,1,0,1,0,1,1,0,0,1
"Subject471",1,1,1,0,1,1,1,1,1,0,0,1,0,1,1,1,0,1,0,0
"Subject472",1,1,1,1,1,1,1,1,1,1,1,1,0,1,1,1,1,1,0,1
"Subject473",1,1,1,0,1,1,0,0,1,1,1,1,0,1,1,1,1,1,1,1
"Subject474",1,1,1,0,1,1,0,0,1,1,1,1,0,1,1,1,1,1,1,1
"Subject475",0,0,0,0,0,0,0,1,0,0,0,0,0,0,0,0,0,0,0,0
"Subject476",1,1,1,1,1,1,1,1,1,1,1,1,1,1,1,1,1,1,0,1
"Subject477",1,1,1,0,1,1,1,1,0,0,0,1,0,1,1,1,0,0,0,0
"Subject478",1,1,0,1,1,1,1,1,1,1,0,1,0,1,1,1,1,1,0,1
"Subject479",0,1,1,0,1,1,0,0,1,0,0,1,0,1,0,1,0,0,0,0
"Subject480",1,1,1,0,1,1,0,1,1,1,0,1,1,1,1,1,1,1,0,1
"Subject481",1,1,1,1,1,1,1,1,1,0,1,1,0,1,1,1,1,1,0,1
"Subject482",0,0,0,1,0,1,0,1,1,0,0,1,0,1,0,0,0,0,0,0
"Subject483",1,1,1,1,0,1,0,1,1,0,0,1,0,1,0,1,0,0,0,0
"Subject484",1,1,1,0,1,1,0,1,1,0,0,1,0,1,0,1,0,0,0,0
"Subject485",1,1,1,0,1,1,0,1,1,0,0,1,0,1,0,1,0,0,0,0
"Subject486",0,0,0,1,0,1,0,1,0,0,1,1,0,1,0,1,1,1,0,0
"Subject487",1,1,0,1,1,1,0,1,1,1,1,1,0,1,0,1,1,1,0,1
"Subject488",0,0,0,0,1,1,0,1,1,0,0,1,0,1,0,1,0,0,0,0
"Subject489",1,1,1,1,1,1,0,1,1,1,1,1,1,1,1,1,1,1,0,0
"Subject490",0,1,0,0,1,1,0,1,1,0,0,1,0,0,0,1,0,0,0,0
"Subject491",0,0,0,1,0,0,0,1,0,0,0,0,0,0,0,0,0,0,0,0
"Subject492",1,1,1,0,1,1,1,1,1,1,0,1,0,1,0,1,0,0,0,0
"Subject493",0,0,0,0,0,0,0,0,1,0,0,0,0,0,0,0,0,0,0,0
"Subject494",1,1,1,1,1,1,1,1,1,1,1,1,0,0,1,1,1,1,1,1
"Subject495",0,0,0,1,0,1,0,0,0,0,0,0,0,0,0,0,0,0,0,0
"Subject496",1,1,1,1,1,1,0,1,0,1,1,1,0,1,1,1,1,1,0,0
"Subject497",0,0,0,1,0,0,0,0,1,0,0,0,0,0,0,0,0,0,0,0
"Subject498",0,0,0,0,1,0,0,0,0,0,0,0,0,0,0,0,0,0,0,0
"Subject499",0,0,0,1,0,0,0,0,0,0,0,0,0,0,0,0,0,0,0,0
"Subject500",0,0,0,0,0,1,0,1,1,0,0,1,0,0,0,1,0,0,0,0
"Subject501",1,1,1,0,1,1,0,1,1,0,0,1,0,1,1,1,0,0,0,0
"Subject502",0,0,0,0,0,1,0,1,1,0,1,1,0,1,0,0,0,0,0,0
"Subject503",0,0,0,0,1,0,0,0,0,0,0,0,0,0,0,0,0,0,0,0
"Subject504",0,0,0,0,1,1,0,0,0,0,0,1,0,1,0,1,0,0,0,0
"Subject505",0,0,0,1,0,0,0,0,0,0,0,1,0,0,0,0,0,0,0,0
"Subject506",0,0,0,1,0,0,0,0,0,0,0,0,0,0,0,0,0,0,0,0
"Subject507",0,0,0,0,0,0,0,1,1,0,0,1,0,1,0,1,0,0,0,0
"Subject508",0,0,0,0,0,1,0,0,1,0,0,1,0,1,0,1,0,0,0,0
"Subject509",0,0,0,1,0,0,0,0,0,0,0,0,0,0,0,0,0,0,0,0
"Subject510",0,0,0,0,1,0,0,0,0,0,1,0,0,0,0,0,0,0,0,0
"Subject511",0,0,0,0,1,1,0,1,1,0,0,1,0,1,0,1,0,0,0,0
"Subject512",0,0,0,0,1,1,0,0,1,0,0,1,0,1,0,1,0,0,0,0
"Subject513",1,1,1,1,1,1,1,1,0,1,1,1,0,1,1,1,0,0,0,1
"Subject514",0,0,0,0,0,1,0,1,1,0,0,1,0,1,0,1,0,0,0,0
"Subject515",0,0,0,0,0,1,0,1,0,0,0,1,0,1,0,1,0,0,0,0
"Subject516",0,0,0,0,1,1,0,1,0,0,0,1,0,1,0,1,0,0,0,0
"Subject517",0,0,0,0,1,1,0,1,0,0,0,0,0,0,0,0,0,0,0,0
"Subject518",1,1,1,1,0,1,0,1,1,0,1,1,0,1,0,1,0,0,0,0
"Subject519",0,0,0,1,0,0,0,0,0,0,0,0,0,0,0,0,0,0,0,0
"Subject520",1,1,1,1,1,1,1,1,1,1,1,1,0,1,0,1,0,1,0,0
"Subject521",0,0,0,0,0,0,0,0,0,0,1,1,0,0,0,0,0,0,0,0
"Subject522",0,0,0,0,0,1,0,0,0,0,0,0,0,0,0,0,0,0,0,0
"Subject523",0,0,0,0,0,0,0,0,0,0,0,0,0,0,0,1,0,0,0,0
"Subject524",0,0,0,1,0,0,0,1,0,0,0,0,0,0,0,0,0,0,0,0
"Subject525",0,0,0,0,0,0,0,0,0,0,1,0,0,0,0,0,0,0,0,0
"Subject526",0,0,0,0,0,1,0,0,0,0,0,0,0,0,0,0,0,0,0,0
"Subject527",1,1,1,1,0,1,0,1,1,0,0,1,0,1,1,1,0,0,0,0
"Subject528",1,1,1,1,0,1,0,1,1,0,0,1,0,1,1,1,0,0,0,0
"Subject529",0,0,0,0,0,0,0,0,0,0,0,0,0,1,0,0,0,0,0,0
"Subject530",0,0,0,0,0,0,0,0,0,0,0,0,0,0,1,0,0,0,0,0
"Subject531",0,0,0,0,0,0,0,1,0,0,1,0,0,0,0,0,0,0,0,0
"Subject532",0,0,0,0,0,0,0,0,0,0,0,0,0,0,0,0,0,0,0,0
"Subject533",1,1,1,1,1,1,1,1,0,1,1,1,1,1,0,1,1,1,0,0
"Subject534",0,0,0,0,0,0,0,0,0,0,0,0,0,0,0,0,0,0,0,0
"Subject535",1,1,1,1,0,1,1,1,1,1,1,1,1,1,1,1,0,1,0,0
"Subject536",1,1,1,1,1,1,0,1,0,0,0,1,0,1,1,1,0,0,0,0
